parameter;cost
0.1;1212.7377225617895
0.2;1105.6422882036445
0.30000000000000004;1051.754815583445
0.4;1024.2893839750207
0.5;997.9842162160927
0.6000000000000001;940.941962456567
0.7000000000000001;946.2692002024751
0.8;958.3516786065918
0.9;942.4160412035451
1;923.8740492083177
