parameter;cost
0.1;968.1883349196078
0.2;886.7365621647318
0.30000000000000004;881.1247799479004
0.4;882.4158821117284
0.5;895.514130053903
0.6000000000000001;989.428613812419
0.7000000000000001;1060.3984374614931
0.8;1197.6218548363427
0.9;1314.6177063075888
1;1403.2733908536725
