parameter;cost
100;968.7848468454106
200;751.0856526667151
300;679.9721424983036
400;646.898173261309
500;641.4806665218053
600;632.0594021383819
700;600.5288278444058
800;614.9560094530411
900;609.3111046615696
1000;600.8948917391605
