{"../dist_models/full_m1.bin": {"cnn": {"train": {"precision": [0.6506666666666666, 0.6444954128440367, 0.9755201958384333, 0.9188118811881189, 0.9978070175438597, 0.9978632478632479, 0.9987179487179487, 0.997865072587532, 0.9995713673381912, 0.9995724668661822], "recall": [0.1831831831831832, 0.21096096096096095, 0.1495870870870871, 0.21771771771771772, 0.21349474474474475, 0.21912537537537538, 0.21931306306306306, 0.21931306306306306, 0.21884384384384384, 0.2194069069069069], "f1": [0.2858816637375513, 0.31787330316742085, 0.2593978844589097, 0.35202184963204614, 0.3517316017316018, 0.35934133579562944, 0.35964912280701755, 0.35959378365902445, 0.3590730618215413, 0.3598307041169681], "loss": [0.6012767553329468, 0.5878634452819824, 0.5640272498130798, 0.5186408758163452, 0.5059103965759277, 0.49348607659339905, 0.49237942695617676, 0.4920603036880493, 0.49289432168006897, 0.49023911356925964]}, "val": {"precision": [0.4940867279894875, 0.48651564185544766, 0.4909090909090909, 0.4917808219178082, 0.5419847328244275, 0.4952978056426332, 0.5093062605752962, 0.5088282504012841, 0.5011086474501109, 0.4962178517397882], "recall": [0.1407185628742515, 0.1687874251497006, 0.050523952095808386, 0.1343562874251497, 0.07971556886227545, 0.11826347305389222, 0.1126497005988024, 0.1186377245508982, 0.0845808383233533, 0.12275449101796407], "f1": [0.21905039324206235, 0.25062517365934983, 0.09161859518154057, 0.21105232216343325, 0.13898858075040782, 0.19093655589123867, 0.18449279803861476, 0.19241274658573598, 0.1447326288824848, 0.19681968196819682], "loss": [0.6110756993293762, 0.6157616376876831, 0.6252598762512207, 0.6715553402900696, 0.7478012442588806, 0.7642804384231567, 0.7866286039352417, 0.8162175416946411, 0.8371497988700867, 0.861496090888977]}}}, "../dist_models/full_m2.bin": {"cnn": {"train": {"precision": [0.5310894141829393, 0.828125, 0.7720455908818237, 0.7908366533864541, 0.9323797139141743, 0.9940740740740741, 0.9743918053777209, 1.0, 0.9991266375545852, 1.0], "recall": [0.19344875994384653, 0.034721572297613475, 0.12044922788956482, 0.185774450163781, 0.2013102480112307, 0.1883949461862424, 0.213664014974263, 0.21207299953205427, 0.21413196069255966, 0.21394478240524098], "f1": [0.28359744803457504, 0.0666487020569478, 0.20838730569948186, 0.30087154225085255, 0.3311268472906404, 0.31675845790715973, 0.35047589806570467, 0.34993436800247085, 0.35267822736030824, 0.3524786061213476], "loss": [0.6075775623321533, 0.6033151149749756, 0.5956934690475464, 0.5782601833343506, 0.532288134098053, 0.5198925137519836, 0.49927979707717896, 0.49572086334228516, 0.4947104752063751, 0.4923558235168457]}, "val": {"precision": [0.5205205205205206, 0.6237623762376238, 0.48873873873873874, 0.5015384615384615, 0.5190476190476191, 0.5102639296187683, 0.5147849462365591, 0.5163398692810458, 0.5083459787556904, 0.5198019801980198], "recall": [0.19674612183125237, 0.02383654937570942, 0.082103670071888, 0.12334468407113129, 0.12372304199772985, 0.06583427922814983, 0.14491108588724932, 0.08967082860385925, 0.12674990541051834, 0.1191827468785471], "f1": [0.28555738605162, 0.04591836734693877, 0.1405895691609977, 0.19799574855754629, 0.1998166819431714, 0.11662198391420911, 0.22615884263359906, 0.1528046421663443, 0.20290732889158086, 0.19390581717451522], "loss": [0.6056907176971436, 0.6063782572746277, 0.6068822145462036, 0.6108503341674805, 0.646378219127655, 0.7136982083320618, 0.8097724914550781, 0.8366730809211731, 0.8488994240760803, 0.86961430311203]}}}, "../dist_models/sample_m1.bin": {"cnn": {"train": {"precision": [0.7949015063731171, 0.8729116945107399, 0.8819500402900886, 0.952020202020202, 0.996474217717056, 0.9995629370629371, 0.9982570806100218, 0.9978241949521323, 0.9982593559617058, 0.998693948628646], "recall": [0.12866923004782893, 0.13720341367345024, 0.20528931820313231, 0.21213542155115822, 0.21204163931351402, 0.21447997749226297, 0.21485510644283973, 0.21504267091812812, 0.2151364531557723, 0.2151364531557723], "f1": [0.2214868028089434, 0.23713428965070102, 0.3330543933054393, 0.3469591226321037, 0.3496752242499227, 0.35317736082155815, 0.3536039512270412, 0.3538307229380449, 0.3539850320191343, 0.3540123456790123], "loss": [0.6024624705314636, 0.5944458246231079, 0.5427892804145813, 0.512962281703949, 0.4981812536716461, 0.49452024698257446, 0.49375417828559875, 0.49568304419517517, 0.493534117937088, 0.4908693730831146]}, "val": {"precision": [0.5588235294117647, 0.5626740947075209, 0.5152838427947598, 0.5169606512890095, 0.542528735632184, 0.5303292894280762, 0.5321100917431193, 0.5268456375838926, 0.5271317829457365, 0.5369369369369369], "recall": [0.07842401500938086, 0.07579737335834896, 0.13283302063789867, 0.14296435272045027, 0.08855534709193245, 0.11482176360225141, 0.10881801125703565, 0.11782363977485928, 0.10206378986866792, 0.11181988742964352], "f1": [0.13754524514642974, 0.1335978835978836, 0.21121718377088305, 0.2239858906525573, 0.15225806451612903, 0.18877236273905, 0.18068535825545173, 0.1925789635081263, 0.17101540396101855, 0.18509316770186332], "loss": [0.6120076775550842, 0.6091740131378174, 0.6216695308685303, 0.6645998954772949, 0.7373843789100647, 0.7544587254524231, 0.773525059223175, 0.7406781911849976, 0.7708085775375366, 0.7787453532218933]}}}, "../dist_models/sample_m2.bin": {"cnn": {"train": {"precision": [0.5051156583629893, 0.5059671245215042, 0.9565217391304348, 0.7706879361914257, 0.9391666666666667, 0.987465940054496, 0.9735587342869527, 1.0, 0.9995693367786391, 0.9991375592927986], "recall": [0.2137009504093347, 0.2114425519902136, 0.0020701985508610144, 0.1454784981650513, 0.10605062576456196, 0.17050908064364356, 0.21134845205608357, 0.21153665192434365, 0.21840594711583702, 0.21802954737931685], "f1": [0.3003372346756596, 0.2982479426599416, 0.0041314553990610325, 0.2447557983060239, 0.19058087427073644, 0.2908040442946558, 0.3473016854801299, 0.34920388349514564, 0.3584832805622056, 0.35794840105051756], "loss": [0.6079595685005188, 0.6110653877258301, 0.6100307106971741, 0.5953142046928406, 0.580127477645874, 0.5431166887283325, 0.5085501670837402, 0.5010978579521179, 0.4934251308441162, 0.49417558312416077]}, "val": {"precision": [0.5113947128532361, 0.5128913443830571, 1.0, 0.5449101796407185, 0.5307017543859649, 0.5354107648725213, 0.5329768270944741, 0.5166666666666667, 0.5217391304347826, 0.5155038759689923], "recall": [0.20770085153646797, 0.20621991854868568, 0.001480932987782303, 0.10107367641614216, 0.04479822288041466, 0.06997408367271381, 0.11069974083672714, 0.08034061458718993, 0.11106997408367271, 0.09848204368752314], "f1": [0.29541864139020535, 0.29416424610509634, 0.002957486136783734, 0.17051842598376013, 0.08262205530897918, 0.12377210216110017, 0.18332311465358672, 0.13905799423261778, 0.18315018315018314, 0.16537146409698478], "loss": [0.6034411191940308, 0.6080376505851746, 0.6099719405174255, 0.6064870953559875, 0.6131709218025208, 0.6447823643684387, 0.6960827708244324, 0.7705536484718323, 0.8304897546768188, 0.8471707701683044]}}}}