{"../dist_models/full_m1.bin": {"rnn": {"train": {"precision": [0.5475387727579232, 0.5486618004866181, 0.584051724137931, 0.594944512946979, 0.5749539594843462, 0.5715917745620716, 0.6030262572318648, 0.5982222222222222, 0.6035864173979397, 0.6829408385985066], "recall": [0.07615117696708243, 0.12688736753258933, 0.10165994560630216, 0.09049985932664353, 0.1463940729625809, 0.14076713870392948, 0.1270749320078777, 0.12623089186908, 0.14836349995310888, 0.11150708055894214], "f1": [0.13370657006421865, 0.20610861451748042, 0.17317677130761241, 0.1571021571021571, 0.2333682164748094, 0.22590112122808337, 0.2099147947327653, 0.2084720823975838, 0.2381812707015959, 0.19171235085456304], "loss": [0.6069323420524597, 0.6044331192970276, 0.6036776304244995, 0.6078600883483887, 0.6050010323524475, 0.6039907932281494, 0.6015158295631409, 0.6098357439041138, 0.5984517335891724, 0.5973036885261536]}, "val": {"precision": [0.4931129476584022, 0.5153473344103393, 0.49390243902439024, 0.5, 0.5182072829131653, 0.4984126984126984, 0.5218855218855218, 0.5130890052356021, 0.515850144092219, 0.5064935064935064], "recall": [0.06716697936210131, 0.11969981238273922, 0.09118198874296435, 0.075046904315197, 0.13883677298311445, 0.11782363977485928, 0.11632270168855535, 0.11031894934333959, 0.13433395872420262, 0.08780487804878048], "f1": [0.11822985468956407, 0.19427527405602926, 0.15394361735825152, 0.1305057096247961, 0.218999704054454, 0.19059180576631257, 0.19024240564590367, 0.18159357628165534, 0.21315867817802917, 0.14966421490246243], "loss": [0.6106729507446289, 0.6066291928291321, 0.6080780029296875, 0.6150919198989868, 0.6107138395309448, 0.6127545833587646, 0.6081931591033936, 0.6221128106117249, 0.6091642379760742, 0.6126895546913147]}}, "lstm": {"train": {"precision": [0.875, 0.5645498953244941, 0.527524204702628, 0.5433823529411764, 0.593915343915344, 0.5981856990394877, 0.5935268919562113, 0.6410579345088161, 0.6627615062761506, 0.6409989594172737], "recall": [0.00130475302889096, 0.07539608574091333, 0.1777260018639329, 0.13774464119291704, 0.083690587138863, 0.10447343895619758, 0.11621621621621622, 0.09487418452935695, 0.07381174277726002, 0.11481826654240447], "f1": [0.0026056206960729574, 0.1330263915152512, 0.26587661205995117, 0.21977695167286243, 0.14670805423950334, 0.1778800380831482, 0.19437300288364118, 0.16528657249553502, 0.1328301886792453, 0.19475181789440404], "loss": [0.6085910201072693, 0.6062330603599548, 0.6059918403625488, 0.6056240797042847, 0.6047555208206177, 0.6039971709251404, 0.6026014685630798, 0.6015927195549011, 0.6020631194114685, 0.5988374948501587]}, "val": {"precision": [0.5, 0.5369774919614148, 0.5168018539976825, 0.5145631067961165, 0.5267857142857143, 0.5277108433734939, 0.5347368421052632, 0.5308988764044944, 0.5402298850574713, 0.5242494226327945], "recall": [0.0007698229407236335, 0.0642802155504234, 0.1716705157813703, 0.12240184757505773, 0.06812933025404157, 0.08429561200923788, 0.09776751347190146, 0.07274826789838337, 0.054272517321016164, 0.0873749037721324], "f1": [0.0015372790161414297, 0.11481608800275007, 0.2577289800635655, 0.19776119402985076, 0.12065439672801637, 0.14537006306007302, 0.16531077123332247, 0.1279620853080569, 0.09863588667366213, 0.14978554932365554], "loss": [0.6049687266349792, 0.6031216979026794, 0.6036019921302795, 0.6030790209770203, 0.6035618185997009, 0.6043493151664734, 0.6053723692893982, 0.6042397022247314, 0.6045123934745789, 0.6065921187400818]}}}, "../dist_models/full_m2.bin": {"rnn": {"train": {"precision": [0.5408438061041293, 0.4604057913917069, 0.5604265402843602, 0.5725741780272654, 0.6047950502706884, 0.6167279411764706, 0.5486022871664549, 0.5898596650067904, 0.5222275334608031, 0.6057291666666667], "recall": [0.11269054521649677, 0.8743102964556252, 0.13270363789394932, 0.06677265500794913, 0.07313195548489666, 0.06275133264752641, 0.1615075282895352, 0.1218554194332741, 0.2043392873842701, 0.10876274198073506], "f1": [0.18651807135670612, 0.603180747766057, 0.21459357277882798, 0.11959798994974874, 0.13048556649424328, 0.11391223155929038, 0.2495484430315729, 0.20198418849790728, 0.29374201787994897, 0.18441290731784668], "loss": [0.6106573343276978, 0.6101399660110474, 0.6089937090873718, 0.6063187122344971, 0.6053773760795593, 0.6049177646636963, 0.6044695377349854, 0.6024444103240967, 0.6067533493041992, 0.6041263937950134]}, "val": {"precision": [0.5230769230769231, 0.4520276953511375, 0.5168539325842697, 0.5454545454545454, 0.5454545454545454, 0.5448028673835126, 0.5132075471698113, 0.5123674911660777, 0.5057915057915058, 0.5333333333333333], "recall": [0.11612903225806452, 0.8671726755218216, 0.1222011385199241, 0.06603415559772297, 0.0683111954459203, 0.057685009487666035, 0.15483870967741936, 0.11005692599620494, 0.19886148007590132, 0.09715370018975332], "f1": [0.19006211180124225, 0.5942782834850455, 0.1976672805402087, 0.11780636425186189, 0.12141652613827994, 0.10432395332875773, 0.2379008746355685, 0.1811933770696657, 0.2854807954235903, 0.16436597110754414], "loss": [0.6091254949569702, 0.6099551916122437, 0.609302818775177, 0.6039462685585022, 0.6037373542785645, 0.6046630144119263, 0.6042430400848389, 0.6050200462341309, 0.6091858148574829, 0.6083454489707947]}}, "lstm": {"train": {"precision": [0.5008873114463177, 0.0, 0.0, 0.5002212389380531, 0.0, 0.5011116051578479, 0.5217873993893978, 0.5006663705019991, 1.0, 0.5388107126645484], "recall": [0.21348208376666353, 0.0, 0.0, 0.21376571806750497, 0.0, 0.2131039046988749, 0.17774416186064101, 0.2131039046988749, 9.454476694714947e-05, 0.11222463836626642], "f1": [0.29937023533311236, 0.0, 0.0, 0.2995297078889846, 0.0, 0.29903814262023215, 0.2651622002820874, 0.29895881689767223, 0.00018907165815844205, 0.18575899843505478], "loss": [0.6064963936805725, 0.6073575615882874, 0.6061478853225708, 0.6064969897270203, 0.6059457063674927, 0.606995701789856, 0.6159195899963379, 0.6064663529396057, 0.6061455607414246, 0.6062820553779602]}, "val": {"precision": [0.5222502099076406, 0.0, 0.0, 0.5229357798165137, 0.0, 0.5226130653266332, 0.5377258235919234, 0.5233722871452421, 0.0, 0.560067681895093], "recall": [0.22609960014540167, 0.0, 0.0, 0.22791712104689205, 0.0, 0.2268266085059978, 0.18393311523082514, 0.22791712104689205, 0.0, 0.12031988367866231], "f1": [0.31557584982242515, 0.0, 0.0, 0.3174683544303798, 0.0, 0.3163498098859316, 0.27410617551462624, 0.31754874651810583, 0.0, 0.1980849790544584], "loss": [0.6057425141334534, 0.607659101486206, 0.6064072251319885, 0.605109453201294, 0.6064706444740295, 0.605660080909729, 0.6172623038291931, 0.6054255962371826, 0.6061757206916809, 0.607014000415802]}}}, "../dist_models/sample_m1.bin": {"rnn": {"train": {"precision": [0.5210803689064558, 0.546706363974693, 0.5544596912521441, 0.5806623931623932, 0.5943708609271523, 0.5757575757575758, 0.6184472461844724, 0.5432545201668985, 0.6140661938534279, 0.5861931364724661], "recall": [0.14881008371743015, 0.138180792023328, 0.12162543504844323, 0.10224814222556673, 0.10130749694290284, 0.12153137052017685, 0.08766814034427617, 0.18370802370426112, 0.09773304486877998, 0.138180792023328], "f1": [0.23150654862076533, 0.22060369424838566, 0.19949085859754684, 0.1738782692153883, 0.17310937876717833, 0.2006990291262136, 0.15356730927665183, 0.2745676929565584, 0.1686277692120425, 0.22364314531475984], "loss": [0.6076573133468628, 0.6048914194107056, 0.6054373383522034, 0.602777361869812, 0.6024394035339355, 0.6020379066467285, 0.6018803119659424, 0.6033970713615417, 0.6011325120925903, 0.5991412997245789]}, "val": {"precision": [0.5045278137128072, 0.5187319884726225, 0.5143338954468802, 0.524390243902439, 0.5228628230616302, 0.49119718309859156, 0.5, 0.5162337662337663, 0.5198237885462555, 0.5142428785607196],