parameter;cost
100;973.584818886329
200;848.4940772565728
300;805.7550950692034
400;762.316012993177
500;722.8809330644218
600;721.7928133346978
700;693.4990249983053
800;691.161182741237
900;701.5802828372373
1000;676.6048667456963
