parameter;cost
5;2287.1256721260033
10;1823.9557085384238
15;1565.9076523501558
20;1456.911148438226
25;1343.718891882369
30;1290.1420806151702
35;1273.353267944221
40;1175.0867631737312
45;1151.5739306662038
50;1132.1878401650717
